Tuesday 11 August,,,,,Tuesday 11 August,,,,,Tuesday 11 August,,,,,Tuesday 11 August,,,,,Tuesday 11 August,,,,,Tuesday 11 August,,,,,Tuesday 11 August,,,,,Tuesday 11 August,,,,,Tuesday 11 August,,,,,Tuesday 11 August,,,
Eclipse (Main Stage),,,,,Aurora (Tent Stage),,,,,Afterglow (Dome),,,,,Polaris (Food Hall),,,,,Cosmic Connection (Wellness),,,,,Sacred Fire,,,,,Röstin (Film Premieres),,,,,Campsite Yoga,,,,,Starseeds (Kids & Family),,,,,All Stages,,,
SLOT,TYPE,TIMES,ARTIST,,SLOT,TYPE,TIMES,ARTIST,,SLOT,TYPE,TIMES,ARTIST,,SLOT,TYPE,TIMES,ARTIST,,SLOT,TYPE,TIMES,ARTIST,,SLOT,TYPE,TIMES,ARTIST,,SLOT,TYPE,TIMES,ARTIST,,SLOT,TYPE,TIMES,ARTIST,,SLOT,TYPE,TIMES,ARTIST,,SLOT,TYPE,TIMES,ARTIST
,,,,,ATu1,Dance,22:00 - 23:00,Thorgerdur,,,,,,,,,,,,CTu1,Cosmic Space,20:00 - 21:45,Unify (Pending),,,,,,,,,,,,YTu1,Cosmic Space,09:00 - 10:30,Jasmine Rose,,,,,,,,,,
,,,,,ATu2,Dance,21:00 - 22:00,Björn Salvador,,,,,,,,,,,,CTu2,Dance,18:00 - 20:00,AWARË,,,,,,,,,,,,,,,,,,,,,,,,,
,,,,,ATu3,Dance,20:00 - 21:00,Turbo Amore,,,,,,,,,,,,CTu3,Inner Space,17:00 - 17:50,OPEN CEREMONY,,,,,,,,,,,,,,,,,,,,,,,,,
,,,,,,,,,,,,,,,,,,,,,,,,,,,,,,,,,,,,,,,,,,,,,,,,
Wednesday 12 August,,,,,Wednesday 12 August,,,,,Wednesday 12 August,,,,,Wednesday 12 August,,,,,Wednesday 12 August,,,,,Wednesday 12 August,,,,,Wednesday 12 August,,,,,Wednesday 12 August,,,,,Wednesday 12 August,,,,,Wednesday 12 August,,,
Eclipse (Main Stage),,,,,Aurora (Tent Stage),,,,,Afterglow (Dome),,,,,Polaris (Food Hall),,,,,Cosmic Connection (Wellness),,,,,Sacred Fire,,,,,Röstin (Film Premieres),,,,,Campsite Yoga,,,,,Starseeds (Kids & Family),,,,,All Stages,,,
SLOT,TYPE,TIMES,ARTIST,,SLOT,TYPE,TIMES,ARTIST,,SLOT,TYPE,TIMES,ARTIST,,SLOT,TYPE,TIMES,ARTIST,,SLOT,TYPE,TIMES,ARTIST,,SLOT,TYPE,TIMES,ARTIST,,SLOT,TYPE,TIMES,ARTIST,,SLOT,TYPE,TIMES,ARTIST,,SLOT,TYPE,TIMES,ARTIST,,SLOT,TYPE,TIMES,ARTIST
EW1,Dance,22:45 - 00:15,Maribou State,,AW1,Dance,00:00 - 02:00,Captain Hook,,GW1,Dance,00:00 - 02:00,Agzilla,,PW1,Community Space,23:45 - 01:15,David Heilbroner - Totality  Film Screening,,CW1,Dance,17:45 - 19:15,Poranguí,,SW1,Cosmic Space,23:00 - 00:00,Dr. Haraldur Erlendsson - Invoking the sacred dwarfs that assist in the making of noble men,,,,,,,YW1,Cosmic Space,09:00 - 10:30,Óli Björn Karlsson - Yoga,,,,,,,XW1,,18:00 - 19:00,Partial Eclipse Ends - Third contact
EW2,Dance,20:45 - 22:15,Booka Shade (Live),,AW2,Dance,23:00 - 00:00,Suduaya,,GW2,Dance,23:00 - 00:00,REW,,PW2,Community Space,23:15 - 23:40,Tristan Baylis - Sound for film: Totality,,CW2,Cosmic Space,16:30 - 17:45,ECLIPSE Ceremony,,SW2,Dance,21:00 - 23:00,"Gathering of the Tribes: Prayers, Songs and Stories from Traditions Around the World (Curawaka, Ayla Schafer, Tao Txana, Winter Jendayi, Rojelio Carrillo Carrillo, Nana Marina Cruz)",,,,,,,YW2,Cosmic Space,08:00 - 09:00,Atma Silvia Bök - Morning Meditation,,,,,,,XW2,,17:45 - 18:00,Totality - Second contact
EW3,Dance,19:25 - 20:25,Emilíana Torrini,,AW3,Dance,22:00 - 23:00,Bloomurian ft. Saoirse Watters,,GW3,Dance,22:00 - 23:00,Orang Volante,,PW3,Dance,22:00 - 23:00,Him Gone Ape - Him Gone Watts,,CW3,Cosmic Space,15:45 - 16:30,ECLIPSE Ceremony - Begins Seating,,SW3,Cosmic Space,20:00 - 21:00,Heimir Logi - Lighting of the Fire,,,,,,,,,,,,,,,,,XW3,,16:45 - 17:45,Partial Eclipse Begins - First contact
EW4,Dance,18:05 - 19:05,Ásgeir,,AW4,Dance,21:00 - 22:00,Dhamika,,GW4,Dance,21:00 - 22:00,DJ Brownie,,PW4,Community Space,20:45 - 21:35,Brent Pella - Comedy Amidst the Chaos,,CW4,Cosmic Space,13:30 - 14:30,Tinna María - Sacred Heart Soundjourney,,,,,,,,,,,,,,,,,,,,,,,,,
EW5,Dance,16:35 - 17:35,Högni,,AW5,Dance,19:30 - 21:00,Eduardo Castillo Presents 'The Overview Effect' - presents 'The Overview Effect',,GW5,Dance,20:00 - 21:00,Luana Schwengber,,PW5,Outer Space,20:00 - 20:25,"Jason Achilles - Rovers, Rockets & Rock N' Roll",,CW5,Cosmic Space,12:45 - 13:30,"Icelandic Nature Connection & Sound Healing (Kim Booth, Johanna Maggy)",,,,,,,,,,,,,,,,,,,,,,,,,
EW6,Dance,15:20 - 16:20,Ayla Schafer,,AW6,Dance,18:30 - 19:30,Test Shot Starfish,,GW6,Dance,19:00 - 20:00,Allen Hulsey,,PW6,Community Space,19:30 - 19:55,Amaresh Kollipara - Galactic Consciousness: How searching for aliens catalyzes human connectivity.,,CW6,Cosmic Space,12:00 - 12:45,Shen Tong  沈彤 - Pre-Eclipse Prep,,,,,,,,,,,,,,,,,,,,,,,,,
,,,,,AW7,Outer Space,16:00 - 16:25,Ron Garan - The Orbital Perspective,,GW7,Dance,15:30 - 16:30,Sofiah Thom - Temple Body Activation,,PW7,Community Space,19:00 - 19:25,Roz Dimon - Be the Light,,CW7,Cosmic Space,11:15 - 12:00,"Jackie Knechtel - Entering the Living Field: Group Coherence, Flow, and the Intelligence of the Heart",,,,,,,,,,,,,,,,,,,,,,,,,
,,,,,AW8,Outer Space,15:30 - 15:55,Dr. Sian Proctor - Earthlight World,,GW8,Inner Space,14:30 - 15:20,Alex Grey & Allyson Grey - Creativity as a Spiritual Practice,,PW8,Community Space,15:45 - 16:30,Ezra Bookman - Holy Shift: An Irreverent Ritual to Prepare for the Eclipse,,CW8,Cosmic Space,10:00 - 11:00,Unify (Pending),,,,,,,,,,,,,,,,,,,,,,,,,
,,,,,AW9,Outer Space,15:00 - 15:25,Christopher Huie - You: On the Other Side of the Sky,,GW9,Inner Space,14:00 - 14:25,Jason Silva - Films on Feelings,,PW9,Community Space,15:15 - 15:40,"Eclipse Chaser Panel (Stephen Brooks, Mo Majumdar, Safiyah Majumdar, Julie Majumdar, Dr. Dream)",,CW9,Cosmic Space,08:00 - 09:45,Unify (Pending),,,,,,,,,,,,,,,,,,,,,,,,,
,,,,,AW10,Outer Space,14:30 - 14:55,Lóránt Czárán - The United Nations and Space Technologies in Support of Sustainable Development,,GW10,Inner Space,13:00 - 13:50,Carl Hayden Smith - The Museum of Consciousness,,PW10,Community Space,14:45 - 15:10,Darren Aronofsky,,,,,,,,,,,,,,,,,,,,,,,,,,,,,,
,,,,,AW11,Outer Space,13:45 - 14:10,Roberto Carlino - POV: Totality Two Minutes That Took 4.6 Billion Years,,GW11,Inner Space,12:30 - 12:55,Cyberdelic Nexus,,PW11,Community Space,14:00 - 14:25,Christopher Breedlove - Living Ritual: Reconnecting ourselves for uncertain futures,,,,,,,,,,,,,,,,,,,,,,,,,,,,,,
,,,,,AW12,Outer Space,13:15 - 13:40,"Reflect Orbital: Sunlight After Dark (Tristan Semmelhack, Sam Harrison)",,GW12,Inner Space,11:30 - 12:15,Enamory - Enamory: Pre-Eclipse prep,,PW12,Community Space,13:30 - 13:55,Stephen Brooks - Creating the Community of your Dreams!,,,,,,,,,,,,,,,,,,,,,,,,,,,,,,
,,,,,AW13,Outer Space,12:45 - 13:10,Samantha Tauber - From Earth to Eternity,,GW13,Inner Space,11:00 - 11:25,Justin Natoli - Queerness as a Spiritual Practice,,PW13,Community Space,12:45 - 13:30,"Power of Community and Connections (Rock Thomas & David Osborn, David Osborn)",,,,,,,,,,,,,,,,,,,,,,,,,,,,,,
,,,,,AW14,Outer Space,12:15 - 12:40,"Rohan Roberts - Eclipse Mind: Consciousness, Cosmic Optimism, and the Making of Cosmic Citizens",,GW14,Inner Space,10:30 - 10:55,"Ipek Williamson - BEing the Change: Identity, Energy & Conscious Creation",,PW14,Community Space,12:00 - 12:25,"Gunnar Ólafsson - Icelandic coastal heritage, culture and future.",,,,,,,,,,,,,,,,,,,,,,,,,,,,,,
,,,,,AW15,Digital Space,11:30 - 11:55,"Michael Jelen - Feel the Ekho: A Live Experience in Music, Energy, & Connection",,GW15,Inner Space,10:00 - 10:25,Dr. Mary Dohrmann - The Future of Mental Health: The NeuroWellness Protocol™ for Human Optimization and Longevity,,PW15,Community Space,11:30 - 11:55,Hinrik Jóhannesson - Rewilding Iceland,,,,,,,,,,,,,,,,,,,,,,,,,,,,,,
,,,,,AW16,Digital Space,11:00 - 11:30,"Fireside Chat (De Kai, Him Gone Ape)",,,,,,,PW16,Community Space,11:00 - 11:25,Michael Turner - Pheonix Ranch,,,,,,,,,,,,,,,,,,,,,,,,,,,,,,
,,,,,AW17,Digital Space,10:30 - 10:55,"Christian Van Camp - The Creator: Health, Truth & Sovereignty in an Era of Noise",,,,,,,PW17,Community Space,10:30 - 10:55,Dr. Paul Dougherty - Eliminating Treatable Blindness Worldwide,,,,,,,,,,,,,,,,,,,,,,,,,,,,,,
,,,,,,,,,,,,,,,PW18,Community Space,10:00 - 10:25,Zoey Wind - Eclipse Cosmology,,,,,,,,,,,,,,,,,,,,,,,,,,,,,,
,,,,,,,,,,,,,,,,,,,,,,,,,,,,,,,,,,,,,,,,,,,,,,,,
Thursday 13 August,,,,,Thursday 13 August,,,,,Thursday 13 August,,,,,Thursday 13 August,,,,,Thursday 13 August,,,,,Thursday 13 August,,,,,Thursday 13 August,,,,,Thursday 13 August,,,,,Thursday 13 August,,,,,Thursday 13 August,,,
Eclipse (Main Stage),,,,,Aurora (Tent Stage),,,,,Afterglow (Dome),,,,,Polaris (Food Hall),,,,,Cosmic Connection (Wellness),,,,,Sacred Fire,,,,,Röstin (Film Premieres),,,,,Campsite Yoga,,,,,Starseeds (Kids & Family),,,,,All Stages,,,
SLOT,TYPE,TIMES,ARTIST,,SLOT,TYPE,TIMES,ARTIST,,SLOT,TYPE,TIMES,ARTIST,,SLOT,TYPE,TIMES,ARTIST,,SLOT,TYPE,TIMES,ARTIST,,SLOT,TYPE,TIMES,ARTIST,,SLOT,TYPE,TIMES,ARTIST,,SLOT,TYPE,TIMES,ARTIST,,SLOT,TYPE,TIMES,ARTIST,,SLOT,TYPE,TIMES,ARTIST
ETh1,Dance,22:30 - 00:00,berlioz - 0:00,,ATh1,Dance,00:00 - 02:00,Tiga,,GTh1,Dance,00:15 - 02:00,East Forest,,PTh1,Digital Space,23:15 - 01:15,Amélie Ravalec & Vincent Ravalec - SOLSTICE/ SUMARSÓLSTÖÐUR,,CTh1,Cosmic Space,18:45 - 19:30,Tina Rodriguez - Interstellar Transmissions,,STh1,Cosmic Space,23:00 - 00:00,Högni - Secret Set (Pending),,,,,,,YTh1,Cosmic Space,09:15 - 10:45,Marisa Radha Weppner - Satchitananda Vinyasa,,KTh1,Dance,14:00 - 15:00,Lara Matossian - Robo and Me- Interactive Storytelling Experience (Suitable for a younger audience. This is the one with the robot puppet and plushies.) (Pending),,,,,
ETh2,Dance,21:00 - 22:30,Kenny Dope,,ATh2,Dance,22:30 - 00:00,Art Department,,GTh2,Dance,23:00 - 00:00,Ruby Chase,,PTh2,Dance,22:00 - 23:00,"Allen Hulsey, Vincent Bruneau (Allen Hulsey, Vincent Bruneau)",,CTh2,Cosmic Space,17:00 - 18:30,CEREMONY: TEMPLE OF THE BIRD TRIBES,,STh2,Dance,21:00 - 23:00,Tao Txana - Ceremonial Concert,,,,,,,YTh2,Cosmic Space,08:15 - 09:15,The Blue Lions - Morning Meditation,,,,,,,,,,
ETh3,Dance,20:30 - 21:00,Ella Knight,,ATh3,Dance,21:00 - 22:30,Luca Donzelli,,GTh3,Dance,21:40 - 22:50,Macro/micro,,PTh3,Dance,20:30 - 21:30,Reggie Watts,,CTh3,Cosmic Space,15:30 - 16:30,Gudrun Bergmann - Iceland: The magic in the land,,STh3,Cosmic Space,20:00 - 21:00,The Blue Lions - Fire Puja,,,,,,,,,,,,,,,,,,,,
ETh4,Dance,18:45 - 20:30,Ryan Hope,,ATh4,Dance,19:30 - 21:00,Nitin,,GTh4,Dance,20:30 - 21:30,TRPTYCH,,PTh4,Community Space,19:30 - 19:55,Vincent Bruneau - Magic,,CTh4,Cosmic Space,14:00 - 15:30,"Family Constelations (Atma Silvia Bök, Illi Adato)",,,,,,,,,,,,,,,,,,,,,,,,,
ETh5,Dance,18:00 - 18:35,Gisli Palmi,,ATh5,Dance,18:00 - 19:30,CiCi,,GTh5,Dance,19:15 - 20:15,Liam Bongo,,PTh5,Dance,18:45 - 19:15,Blankiflúr,,CTh5,Cosmic Space,13:00 - 14:00,Júlía Óttarsdóttir - Sound Healing,,,,,,,,,,,,,,,,,,,,,,,,,
ETh6,Dance,16:20 - 17:50,Alex Grey & Allyson Grey,,ATh6,Dance,17:10 - 17:50,Cell7,,GTh6,Dance,18:30 - 19:00,Reorientate - 3:33,,PTh6,Community Space,17:30 - 18:20,"Grow Through Play (Josh Draper, Brent Pella)",,CTh6,Cosmic Space,12:00 - 13:00,Shanti Faiia - Breathwork to Connect,,,,,,,,,,,,,,,,,,,,,,,,,
ETh7,Dance,13:30 - 14:40,Hjaltalín,,ATh7,Dance,16:00 - 16:30,Davíð Svanur,,GTh7,Digital Space,17:15 - 18:15,Him Gone Ape,,PTh7,Outer Space,16:45 - 17:10,"Dr. Robin George Andrews - Lunacy: The Explosive Past, and Future, of Earth’s Strange Moon",,CTh7,Cosmic Space,11:00 - 12:00,Ishkayah - Attuning the Light Body: DNA Light Activation and Sound Journey,,,,,,,,,,,,,,,,,,,,,,,,,
,,,,,ATh8,Community Space,15:00 - 15:25,Lindsay Brandon - Permaculture: Weaving people back to place.,,GTh8,Digital Space,16:00 - 16:45,Parag Bhandari - The Economy Is Being Redesigned: Building Systems That Fund What Matters,,PTh8,Outer Space,16:15 - 16:40,Katy Bohinc - A Place in Time and Space: Astrology as Data Science,,,,,,,,,,,,,,,,,,,,,,,,,,,,,,
,,,,,ATh9,Community Space,14:30 - 14:55,Joycelyn Longdon - Justice-led Conservation Technology,,GTh9,Digital Space,15:30 - 15:55,Lambert Hogenhout - Tech and Happiness: developing a personal and collective strategy,,PTh9,Outer Space,15:45 - 16:10,Ebtesam - The Language of the Gods: Astrology in Ancient Egyptian Religion,,,,,,,,,,,,,,,,,,,,,,,,,,,,,,
,,,,,ATh10,Community Space,14:00 - 14:25,Tucker Garrison - Soil & Soul: Rewilding the Mind and the Plate,,GTh10,Inner Space,14:45 - 15:10,Amanda Gregory - Immersive Work Inspired by the NOW Hypothesis.,,PTh10,Digital Space,15:00 - 15:25,Katia Yakovleva - Community Builds the New World: From Pop-up Cities Across the World to Frontier Residency in San Francisco,,,,,,,,,,,,,,,,,,,,,,,,,,,,,,
,,,,,ATh11,Community Space,13:30 - 13:55,Taylor Bright - Fungi: the cryptic beings that shape our world,,GTh11,Inner Space,14:15 - 14:40,Jonathan Schooler - The kite of consciousness and other metaphors of the mind,,PTh11,Digital Space,14:30 - 14:55,Moli G.ott. - AI is an Ethical Duty,,,,,,,,,,,,,,,,,,,,,,,,,,,,,,
,,,,,ATh12,Community Space,12:30 - 13:15,"Gathers Gathering Panel (Chris Deckker, Fred Olafsson, Isis Indriya, Mitch Morales, Rechulski)",,GTh12,Inner Space,13:45 - 14:10,Aneil Mallavarapu - The End of Materialism,,PTh12,Digital Space,14:00 - 14:25,Alex & Jennifer Moscow - The Vision Amplifier Experience,,,,,,,,,,,,,,,,,,,,,,,,,,,,,,
,,,,,ATh13,Community Space,12:00 - 12:25,Steven Blumenfeld - How Burning Man Trained Me to be an Alien,,GTh13,Inner Space,13:15 - 13:40,Dr. Jordan Amadio - The Future of the Human Brain,,PTh13,Outer Space,13:15 - 13:40,SciArt Exchange - Design your Habitat,,,,,,,,,,,,,,,,,,,,,,,,,,,,,,
,,,,,ATh14,Community Space,11:30 - 11:55,Tony Cho - Future of Cities,,GTh14,Inner Space,12:45 - 13:10,"Tim Mullen - Past, Present, and Future of Neurotechnology",,PTh14,Outer Space,12:15 - 13:05,"SciArt Exchange: How Art & Science Shape Life in Extreme Places (Bryant Maxwell, Ben Haldeman, Dr. Sian Proctor, Richelle Ellis)",,,,,,,,,,,,,,,,,,,,,,,,,,,,,,
,,,,,ATh15,Community Space,11:00 - 11:25,Michael Zuckerman - Refugee Cities: From AID to Investment,,GTh15,Inner Space,12:00 - 12:25,Dr. Ben Rein - Why Brains need friends,,PTh15,Community Space,11:00 - 11:50,Telamon Ardavanis - Edge City: Community Lightning Talks,,,,,,,,,,,,,,,,,,,,,,,,,,,,,,
,,,,,,,,,,GTh16,Inner Space,11:00 - 11:50,Cynthia Cramblett & Benjamin Moore - The God Molecule & Sacred Union,,,,,,,,,,,,,,,,,,,,,,,,,,,,,,,,,,,
,,,,,,,,,,,,,,,,,,,,,,,,,,,,,,,,,,,,,,,,,,,,,,,,
Friday 14 August,,,,,Friday 14 August,,,,,Friday 14 August,,,,,Friday 14 August,,,,,Friday 14 August,,,,,Friday 14 August,,,,,Friday 14 August,,,,,Friday 14 August,,,,,Friday 14 August,,,,,Friday 14 August,,,
Eclipse (Main Stage),,,,,Aurora (Tent Stage),,,,,Afterglow (Dome),,,,,Polaris (Food Hall),,,,,Cosmic Connection (Wellness),,,,,Sacred Fire,,,,,Röstin (Film Premieres),,,,,Campsite Yoga,,,,,Starseeds (Kids & Family),,,,,All Stages,,,
SLOT,TYPE,TIMES,ARTIST,,SLOT,TYPE,TIMES,ARTIST,,SLOT,TYPE,TIMES,ARTIST,,SLOT,TYPE,TIMES,ARTIST,,SLOT,TYPE,TIMES,ARTIST,,SLOT,TYPE,TIMES,ARTIST,,SLOT,TYPE,TIMES,ARTIST,,SLOT,TYPE,TIMES,ARTIST,,SLOT,TYPE,TIMES,ARTIST,,SLOT,TYPE,TIMES,ARTIST
EF1,Dance,23:30 - 01:00,Above & Beyond,,AF1,Dance,03:30 - 05:00,exos,,GF1,Dance,02:30 - 05:00,John 00 Fleming,,PF1,Community Space,00:45 - 02:15,East Forest - Music for Mushrooms Screening,,CF1,Cosmic Space,18:30 - 19:15,Johan Matton - Totality Integration: A Homecoming Ceremony,,SF1,Cosmic Space,22:00 - 23:00,Sacred Explorer - Shadows of Enlightenment,,,,,,,YF1,Cosmic Space,09:00 - 10:30,Airi-Triin Teder - Dynamic Vinyasa Flow,,KF1,Dance,14:00 - 14:30,Lara Matossian - Through the Wormhole- Improv Workshop (Suitable for mixed aged groups/ families.) (Pending),,,,,
EF2,Dance,22:00 - 23:30,Apashe & Brass Orchestra,,AF2,Dance,02:00 - 03:30,Dave Clarke,,GF2,Dance,01:00 - 02:30,BigRedMachine,,PF2,Community Space,23:30 - 00:45,Gio Israel - Seekers Screening,,CF2,Cosmic Space,17:00 - 18:15,CEREMONY: WOLF,,SF2,Dance,21:00 - 22:00,Winter Jendayi - Ceremonial Concert,,,,,,,YF2,Cosmic Space,08:00 - 09:00,Patrick Kronfli - Morning meditation,,,,,,,,,,
EF3,Dance,20:30 - 22:00,CloZee - with Live visuals by Android Jones,,AF3,Dance,00:30 - 02:00,Nick Warren,,GF3,Dance,00:00 - 01:00,Natural Symphony,,PF3,Dance,22:00 - 23:15,Bear Kittay,,CF3,Cosmic Space,16:00 - 17:00,Emily Fletcher - The Alchemy of Totality,,SF3,Cosmic Space,20:00 - 21:00,Rojelio Carrillo Carrillo - Wixarika Creation Myth Prayer,,,,,,,,,,,,,,,,,,,,
EF4,Dance,19:15 - 20:30,RJD2,,AF4,Dance,23:00 - 00:30,ANNA,,GF4,Dance,23:00 - 00:00,Klaki,,PF4,Dance,20:45 - 21:45,Mendeleyev,,CF4,Cosmic Space,15:00 - 16:00,The Wizard Devin Person - The Magic Circle: A Metamodern Ritual Experience,,,,,,,,,,,,,,,,,,,,,,,,,
EF5,Dance,18:00 - 19:00,Dr Chrispy,,AF5,Dance,21:30 - 23:00,Desert Hearts,,GF5,Dance,22:00 - 23:00,VNCCII,,PF5,Dance,19:30 - 20:30,Bear Kittay,,CF5,Cosmic Space,14:00 - 15:00,Brien Egan - Great Grief! Overcoming Ourselves,,,,,,,,,,,,,,,,,,,,,,,,,
EF6,Dance,17:00 - 17:45,Vök,,AF6,Dance,20:00 - 21:30,Freedom Fighters,,GF6,Dance,20:45 - 21:45,Joaqopelli Tribute: GDubz & Mena Domina,,PF6,Inner Space,18:15 - 18:40,Enamory - Post-Eclipse Integration,,CF6,Cosmic Space,13:00 - 14:00,Leanne Falco - Earth to Star: Frequency Attunement,,,,,,,,,,,,,,,,,,,,,,,,,
EF7,Dance,15:45 - 16:45,Hjálmar,,AF7,Dance,19:00 - 20:00,Ali Love,,GF7,Dance,19:30 - 20:30,Erik Hammer,,PF7,Inner Space,17:45 - 18:10,Gio Israel - Seekers: How to be Human,,CF7,Cosmic Space,12:00 - 13:00,Heiðrún María - ENTERING THE HEART OF THE LAND: cacao ceremony and song journey,,,,,,,,,,,,,,,,,,,,,,,,,
EF8,Dance,13:45 - 15:25,Zero 7 (DJ Set),,AF8,Dance,18:00 - 19:00,Sísý Ey,,GF8,Dance,18:30 - 19:15,dj. flugvél og geimskip,,PF8,Inner Space,16:45 - 17:35,"Visionary OG's Panel (Alex Grey & Allyson Grey, Android Jones, Amanda Sage, Chris Dyer)",,CF8,Cosmic Space,11:00 - 12:00,Hinrik Jóhannesson - Men's Circle,,,,,,,,,,,,,,,,,,,,,,,,,
EF9,Dance,13:00 - 13:35,Karlakórinn Heiðbjört,,AF9,Dance,16:30 - 18:00,Justin Sloe (Droog),,GF9,Dance,17:30 - 18:15,DJ BINX,,PF9,Inner Space,15:45 - 16:35,"More than Music panel (East Forest, Reggie Watts)",,,,,,,,,,,,,,,,,,,,,,,,,,,,,,
,,,,,AF10,Dance,15:00 - 16:30,Carla Rose,,GF10,,17:15 - 17:30,DJ BINX (Pending),,PF10,Community Space,14:30 - 15:20,"When Nature Conducts: How the cosmos becomes music, and music becomes connection (Gwen Bethel Riley, Kyter, Coco Reilly, Natural Symphony, Néfur)",,,,,,,,,,,,,,,,,,,,,,,,,,,,,,
,,,,,AF11,Dance,13:30 - 15:00,Samwise,,GF11,Digital Space,16:30 - 16:55,"Crypto Panel (Ryan Horst, Mason Lynaugh, Matt McKibbin, Isabel Foxen Duke)",,PF11,Community Space,14:00 - 14:25,"Whale Songs (Johanna Maggy, Amaresh Kollipara)",,,,,,,,,,,,,,,,,,,,,,,,,,,,,,
,,,,,AF12,Digital Space,12:30 - 12:55,David Helgason - Fireside Chat on AI,,GF12,Digital Space,16:00 - 16:25,JT Marino,,PF12,Community Space,13:30 - 13:55,Whitney Silverstein - The Power of Music to Transform Communities,,,,,,,,,,,,,,,,,,,,,,,,,,,,,,
,,,,,AF13,Digital Space,12:00 - 12:25,"Brittany Kaiser - Ethical tech in the age of AI: data ownership, decentralization and open-source",,GF13,Dance,15:00 - 15:45,annu,,PF13,Community Space,12:15 - 13:05,Dr. Palōmi Sheth - Moroccan Tea Ceremony,,,,,,,,,,,,,,,,,,,,,,,,,,,,,,
,,,,,AF14,Digital Space,11:00 - 11:50,"Ai: Symbiotic vs Sycophantic Singularity? (Kevin Russell, Sara Ahmadian, Rohan Roberts, Tannya Jajal)",,GF14,Digital Space,14:00 - 15:00,"Mimu Gloves Demo (Him Gone Ape, Adam Stark, Kathi Geiger, annu, Josh Draper)",,PF14,Community Space,11:00 - 11:50,Katia Yakovleva - Frontier Tower: Community Lightning Talks,,,,,,,,,,,,,,,,,,,,,,,,,,,,,,
,,,,,,,,,,GF15,Outer Space,13:00 - 13:45,"Interplanetary Species Panel (Ubaldo Ciminieri, Dr. Amelie Schoenenwald, Amaresh Kollipara, Kevin Russell)",,,,,,,,,,,,,,,,,,,,,,,,,,,,,,,,,,,
,,,,,,,,,,GF16,Outer Space,12:15 - 13:00,"Icelandic Space Agency (Daniel Leeb, Hjörtur Smárason, Matthew Devlen)",,,,,,,,,,,,,,,,,,,,,,,,,,,,,,,,,,,
,,,,,,,,,,GF17,Dance,11:00 - 12:00,"Yoga Moves (Tómas Oddur Eiríksson, DJ Margeir)",,,,,,,,,,,,,,,,,,,,,,,,,,,,,,,,,,,
,,,,,,,,,,,,,,,,,,,,,,,,,,,,,,,,,,,,,,,,,,,,,,,,
Saturday 15 August,,,,,Saturday 15 August,,,,,Saturday 15 August,,,,,Saturday 15 August,,,,,Saturday 15 August,,,,,Saturday 15 August,,,,,Saturday 15 August,,,,,Saturday 15 August,,,,,Saturday 15 August,,,,,Saturday 15 August,,,
Eclipse (Main Stage),,,,,Aurora (Tent Stage),,,,,Afterglow (Dome),,,,,Polaris (Food Hall),,,,,Cosmic Connection (Wellness),,,,,Sacred Fire,,,,,Röstin (Film Premieres),,,,,Campsite Yoga,,,,,Starseeds (Kids & Family),,,,,All Stages,,,
SLOT,TYPE,TIMES,ARTIST,,SLOT,TYPE,TIMES,ARTIST,,SLOT,TYPE,TIMES,ARTIST,,SLOT,TYPE,TIMES,ARTIST,,SLOT,TYPE,TIMES,ARTIST,,SLOT,TYPE,TIMES,ARTIST,,SLOT,TYPE,TIMES,ARTIST,,SLOT,TYPE,TIMES,ARTIST,,SLOT,TYPE,TIMES,ARTIST,,SLOT,TYPE,TIMES,ARTIST
ESa1,Dance,23:30 - 01:00,GusGus,,ASa1,Dance,02:30 - 05:00,"VisionQuest (Shaun Reeves, Ryan Crosson)",,GSa1,Dance,02:30 - 05:00,Solar Simon,,PSa1,Inner Space,22:30 - 00:15,Kári Viðarsson - The Home Game,,CSa1,Cosmic Space,17:00 - 19:00,CEREMONY - WAY OF THE WATER DRAGON,,SSa1,Dance,22:00 - 00:00,bless sing - Ceremonial Fireside Jam,,,,,,,YSa1,Cosmic Space,09:00 - 10:30,Rise N Thrive - Acro Yoga,,KSa1,Dance,14:00 - 14:30,Lara Matossian - Once Upon a Galaxy- Interactive Storytelling Workshop (Suitable for mixed aged groups/ families.) (Pending),,,,,
ESa2,Dance,22:00 - 23:30,Ida Engberg,,ASa2,Dance,01:00 - 02:30,DJ Margeir,,GSa2,Dance,01:00 - 02:30,TRAVELER,,PSa2,Dance,21:15 - 22:15,Ollie Rankin - Community Block: Poetry & Open Mic,,CSa2,Cosmic Space,15:30 - 17:00,Scarlett de la torre - Vocal Alchemy Ceremony + Song and Sound Journey,,SSa2,Cosmic Space,20:00 - 22:00,Nana Marina Cruz - Mayan Cacao Ceremony,,,,,,,YSa2,Cosmic Space,08:00 - 09:00,Lisa Love Rueff - Guided Chakra Meditation,,,,,,,,,,
ESa3,Dance,20:30 - 22:00,Arc De Soleil,,ASa3,Dance,23:30 - 01:00,Rechulski,,GSa3,Dance,23:30 - 01:00,Rayconen,,PSa3,Inner Space,20:00 - 20:50,Celeste - Proof Of Knowing,,CSa3,Cosmic Space,14:30 - 15:30,La Brújería Herbal Ceremony,,,,,,,,,,,,,,,,,,,,,,,,,
ESa4,Dance,19:15 - 20:15,Curawaka,,ASa4,Dance,22:00 - 23:30,"Hólmar ""Acid Tourist""",,GSa4,Dance,22:00 - 23:30,Elliot From Earth,,PSa4,Dance,17:45 - 19:45,Intergalactic Transmission: Showcase,,CSa4,Cosmic Space,13:30 - 14:30,Red Owl Medicine Woman - Womb Wisdom: Shamanic Drumming Workshop,,,,,,,,,,,,,,,,,,,,,,,,,
ESa5,Dance,18:05 - 19:00,Daði Freyr,,ASa5,Dance,20:30 - 22:00,BenSöl,,GSa5,Dance,20:30 - 22:00,James Ellington,,PSa5,Digital Space,17:00 - 17:25,Josh Whiton (Pending),,CSa5,Cosmic Space,12:00 - 13:30,Illi Adato - HypnoConstellations™: The Ancestral Field and Our Connection to Source,,,,,,,,,,,,,,,,,,,,,,,,,
ESa6,Dance,16:45 - 17:50,Fox Train Safari,,ASa6,Dance,19:10 - 20:30,Jamie Clarke (Either),,GSa6,Dance,19:30 - 20:30,Fear N Love,,PSa6,Outer Space,16:30 - 16:55,Henk Rogers - Our Place in the Universe,,CSa6,Cosmic Space,11:00 - 12:00,"Free Your Voice (Victor Gressier, Luana Schwengber)",,,,,,,,,,,,,,,,,,,,,,,,,
ESa7,Dance,13:00 - 16:30,Nightmares on Wax,,ASa7,Dance,17:50 - 19:10,gugusar,,GSa7,Inner Space,18:15 - 19:05,Android Jones - Higher Self Portrait Workshop,,PSa7,Outer Space,16:00 - 16:25,Dr. Chris Boshuizen - How to Overcome Adversity and Achieve Your Dreams,,,,,,,,,,,,,,,,,,,,,,,,,,,,,,
,,,,,ASa8,Dance,17:00 - 17:45,FRDRK,,GSa8,Community Space,17:15 - 18:00,Néfur - Glacial Resonance: Live Soundscape,,PSa8,Outer Space,15:15 - 15:40,"MOON 2033 (Ben Haldeman, Mitch Morales)",,,,,,,,,,,,,,,,,,,,,,,,,,,,,,
,,,,,ASa9,Dance,16:00 - 17:00,Alex Jay & DJ McLov3n,,GSa9,Community Space,16:45 - 17:10,Ruth Daniel - The State of Emergency,,PSa9,Outer Space,14:45 - 15:10,"Sex in Outer Space: Seeding Humanity's Future Beyond Earth (Dr. Alexander Layendecker, Ari Eisenstat)",,,,,,,,,,,,,,,,,,,,,,,,,,,,,,
,,,,,ASa10,Dance,13:30 - 16:00,DJ Andrea Jóns,,GSa10,Community Space,16:15 - 16:40,Magnús Jensson - Landrit / On Encoded Land,,PSa10,Outer Space,14:00 - 14:45,"Overview Effect Panel (MaryLiz mod, Dr. Rick Doblin, Dr. Amelie Schoenenwald, Jason Silva, Dr. Sian Proctor)",,,,,,,,,,,,,,,,,,,,,,,,,,,,,,
,,,,,ASa11,Inner Space,12:00 - 12:50,"How Ethnogenic Medicines are Shaping the Future of Mental Health (Simeon Schnapper, Rose Uzunova, Sara María Júlíusdóttir, Dr. Rick Doblin)",,GSa11,Community Space,15:45 - 16:10,Ragnhildur Sigurðardóttir - Snæfellsnes; nature and culture,,PSa11,Outer Space,13:30 - 13:55,Janeya Griffin - Space For Every Genius,,,,,,,,,,,,,,,,,,,,,,,,,,,,,,
,,,,,ASa12,Inner Space,11:30 - 11:55,Dr. Rick Doblin - The Globalization of Access to MDMA-Assisted Therapy,,GSa12,Digital Space,14:30 - 15:20,"Future Tech Panel (No AI) (Dr. Jordan Amadio, JT Marino, Linea Avey, Justin Rosenstein, Joel Dietz)",,PSa12,Community Space,12:15 - 13:05,"Visiontrain & Art Church (Amanda Sage, Alex Grey & Allyson Grey)",,,,,,,,,,,,,,,,,,,,,,,,,,,,,,
,,,,,ASa13,Inner Space,11:00 - 11:25,Austin Mao - Have a Great Trip,,GSa13,Digital Space,14:00 - 14:25,Joel Dietz - Bioelectricity: The Spark of the Soul,,PSa13,Community Space,11:30 - 11:55,Larry Dvoskin - How To Succeed Thru Human Networks,,,,,,,,,,,,,,,,,,,,,,,,,,,,,,
,,,,,,,,,,GSa14,Digital Space,12:45 - 13:35,Freyr Friðfinnsson - Innovation 101: How To Get Good Business Ideas,,PSa14,Community Space,11:00 - 11:25,OPEN (Pending),,,,,,,,,,,,,,,,,,,,,,,,,,,,,,
,,,,,,,,,,GSa15,Digital Space,12:15 - 12:40,Olafur Sigurvinsson - Distributed Edge GPU centers in EU,,,,,,,,,,,,,,,,,,,,,,,,,,,,,,,,,,,
,,,,,,,,,,GSa16,Dance,11:00 - 12:00,"INNA - Gastromusical Cacao Experience: Sound, Taste & Movement",,,,,,,,,,,,,,,,,,,,,,,,,,,,,,,,,,,
,,,,,,,,,,,,,,,,,,,,,,,,,,,,,,,,,,,,,,,,,,,,,,,,
Sunday 16 August,,,,,Sunday 16 August,,,,,Sunday 16 August,,,,,Sunday 16 August,,,,,Sunday 16 August,,,,,Sunday 16 August,,,,,Sunday 16 August,,,,,Sunday 16 August,,,,,Sunday 16 August,,,,,Sunday 16 August,,,
Eclipse (Main Stage),,,,,Aurora (Tent Stage),,,,,Afterglow (Dome),,,,,Polaris (Food Hall),,,,,Cosmic Connection (Wellness),,,,,Sacred Fire,,,,,Röstin (Film Premieres),,,,,Campsite Yoga,,,,,Starseeds (Kids & Family),,,,,All Stages,,,
SLOT,TYPE,TIMES,ARTIST,,SLOT,TYPE,TIMES,ARTIST,,SLOT,TYPE,TIMES,ARTIST,,SLOT,TYPE,TIMES,ARTIST,,SLOT,TYPE,TIMES,ARTIST,,SLOT,TYPE,TIMES,ARTIST,,SLOT,TYPE,TIMES,ARTIST,,SLOT,TYPE,TIMES,ARTIST,,SLOT,TYPE,TIMES,ARTIST,,SLOT,TYPE,TIMES,ARTIST
,,,,,,,,,,,,,,,,,,,,CSu1,Cosmic Space,11:00 - 13:00,Closing Ceremony,,,,,,,,,,,,,,,,,,,,,,,,,